{
  "baseline": {
    "per_channel_db": [
      3.9773294290843078,
      4.86341831956476,
      3.4855120674202897,
      3.744975119713768
    ],
    "average_db": 4.017808733945781
  },
  "yours": {
    "per_channel_db": [
      7.555583692849543,
      6.722881664990888,
      8.200501718883926,
      5.560495650705111
    ],
    "average_db": 7.0098656818573675
  }
}